{
  "total_requests": 200,
  "successful_requests": 200,
  "failed_requests": 0,
  "total_time": 21.808377027511597,
  "throughput": 9.17078789254684,
  "throughput_successful": 9.17078789254684,
  "latency": {
    "min": 0.7259640693664551,
    "max": 3.550034523010254,
    "mean": 1.829893207550049,
    "p50": 1.7745076417922974,
    "p95": 2.9439719438552845,
    "p99": 3.3511150670051575
  }
}