{
  "total_requests": 300,
  "successful_requests": 300,
  "failed_requests": 0,
  "total_time": 18.331660509109497,
  "throughput": 16.365129599193804,
  "throughput_successful": 16.365129599193804,
  "latency": {
    "min": 0.7440648078918457,
    "max": 3.0046565532684326,
    "mean": 1.802913088798523,
    "p50": 1.7496546506881714,
    "p95": 2.411771583557129,
    "p99": 2.5962104701995834
  }
}