{
  "total_requests": 150,
  "successful_requests": 22,
  "failed_requests": 128,
  "total_time": 151.11062502861023,
  "throughput": 0.9926502519038621,
  "throughput_successful": 0.14558870361256646,
  "latency": {
    "min": 0.5051693916320801,
    "max": 30.108972549438477,
    "mean": 27.763053986231487,
    "p50": 30.10194206237793,
    "p95": 30.103472805023195,
    "p99": 30.10550702571869
  }
}