{
  "total_requests": 100,
  "successful_requests": 100,
  "failed_requests": 0,
  "total_time": 10.686084747314453,
  "throughput": 9.35796434003869,
  "throughput_successful": 9.35796434003869,
  "latency": {
    "min": 0.27906131744384766,
    "max": 7.451712131500244,
    "mean": 2.4178944301605223,
    "p50": 0.9629455804824829,
    "p95": 6.757554268836975,
    "p99": 7.331133725643158
  }
}