{
  "total_requests": 150,
  "successful_requests": 143,
  "failed_requests": 7,
  "total_time": 79.43378472328186,
  "throughput": 1.8883652657687775,
  "throughput_successful": 1.8002415533662344,
  "latency": {
    "min": 0.0964961051940918,
    "max": 0.9568517208099365,
    "mean": 0.5287806510925293,
    "p50": 0.5647627115249634,
    "p95": 0.8096627235412597,
    "p99": 0.9155605149269104
  }
}